Region,Site,Samples,Colony,Treatment,Chl,Prot,MLG,mtORF
Las Perlas,Saboga,01699 red,711,28.5,67.20467033,0.755208333,9,3
Las Perlas,Saboga,01676 red,711,30,198.4241219,2.415644172,9,3
Las Perlas,Saboga,01692 red,711,31.5,54.16563147,0.76489533,9,3
Las Perlas,Saboga,01693 red,711,33,22.67911915,0.816326531,9,3
Las Perlas,Saboga,01700 red,711,34.5,100.4377491,0.473901099,9,3
Las Perlas,Saboga,01694 red,711,36,0,0,9,3
Las Perlas,Saboga,01687 red,711,37.5,0,0,9,3
Las Perlas,Saboga,01685 red,711,39,2.246050824,0.008680556,9,3
Las Perlas,Saboga,00510 green,712,28.5,80.83588725,0.775440977,9,3
Las Perlas,Saboga,00514 green,712,30,52.08385282,0.168865435,9,3
Las Perlas,Saboga,00518 green,712,31.5,174.6410032,0.797546012,9,3
Las Perlas,Saboga,00517 green,712,33,53.4712003,0.040257649,9,3
Las Perlas,Saboga,00508 green,712,34.5,21.31613254,0.583016477,9,3
Las Perlas,Saboga,00506 green,712,36,19.1022712,0,9,3
Las Perlas,Saboga,00519 green,712,37.5,0,0,9,3
Las Perlas,Saboga,00525 green,712,39,0,0,9,3
Las Perlas,Saboga,NA,713,NA,NA,NA,9,NA
Las Perlas,Saboga,01872 blue,713,30,120.0110516,0.680604982,9,NA
Las Perlas,Saboga,01865 blue,713,31.5,112.3025412,2.170138889,9,NA
Las Perlas,Saboga,01875 blue,713,33,36.13757751,NA,9,NA
Las Perlas,Saboga,01869 blue,713,34.5,21.30173339,0.839736553,9,NA
Las Perlas,Saboga,01870 red,713,36,0,0,9,NA
Las Perlas,Saboga,01867 red,713,37.5,0,0,9,NA
Las Perlas,Saboga,01856 red,713,39,4.03E-15,0.087483176,9,NA
Las Perlas,Saboga,00115 yellow,714,28.5,107.1397168,1.788373279,9,3
Las Perlas,Saboga,00105 yellow,714,30,70.12593941,0.47112462,9,3
Las Perlas,Saboga,00120 yellow,714,31.5,87.33967525,2.544776119,9,3
Las Perlas,Saboga,00123 yellow,714,33,19.88161783,0.107025247,9,3
Las Perlas,Saboga,00119 yellow,714,34.5,52.77676912,0.877616747,9,3
Las Perlas,Saboga,00108 yellow,714,36,0,0,9,3
Las Perlas,Saboga,00106 yellow,714,37.5,0,0,9,3
Las Perlas,Saboga,00124 yellow,714,39,0,0,9,3
Las Perlas,Saboga,02489 orange,715,28.5,104.6251311,0.139204545,9,3
Las Perlas,Saboga,02500 orange,715,30,110.2924065,0.928057554,9,3
Las Perlas,Saboga,02480 orange,715,31.5,108.6461794,1.925064599,9,3
Las Perlas,Saboga,02477 orange,715,33,117.5592559,1.329787234,9,3
Las Perlas,Saboga,02495 orange,715,34.5,13.7061334,0.186046512,9,3
Las Perlas,Saboga,02484 orange,715,36,1.392899736,0.187338501,9,3
Las Perlas,Saboga,02488 orange,715,37.5,0,0,9,3
Las Perlas,Saboga,02481 orange,715,39,7.442980137,0,9,3
Las Perlas,Saboga,NA,716,NA,NA,NA,9,3
Las Perlas,Saboga,00973 white,716,30,110.171428,0.227932961,9,3
Las Perlas,Saboga,00952 white,716,31.5,78.13085973,0.541176471,9,3
Las Perlas,Saboga,00968 white,716,33,24.38752629,0.20278834,9,3
Las Perlas,Saboga,00961 white,716,34.5,123.0969944,1.184079602,9,3
Las Perlas,Saboga,00974 white,716,36,0,0,9,3
Las Perlas,Saboga,00957 white,716,37.5,0,0,9,3
Las Perlas,Saboga,00970 white,716,39,0,0,9,3
Las Perlas,Saboga,01606 red,717,28.5,30.17052605,0.020278834,9,3
Las Perlas,Saboga,01611 red,717,30,70.13416032,0.245398773,9,3
Las Perlas,Saboga,NA,717,NA,NA,NA,9,3
Las Perlas,Saboga,01621 red,717,33,43.00247072,0.075258702,9,3
Las Perlas,Saboga,01618 red,717,34.5,11.54722005,0.310839532,9,3
Las Perlas,Saboga,01615 red,717,36,3.061861493,0,9,3
Las Perlas,Saboga,01620 red,717,37.5,7.960839881,0.027051398,9,3
Las Perlas,Saboga,01601 red,717,39,0,0,9,3
Las Perlas,Saboga,00170 yellow,718,28.5,40.73198016,0.277361319,9,3
Las Perlas,Saboga,00160 yellow,718,30,100.7515661,0.626815642,9,3
Las Perlas,Saboga,00158 yellow,718,31.5,107.252362,1.012941176,9,3
Las Perlas,Saboga,NA,718,NA,NA,NA,9,3
Las Perlas,Saboga,00157 yellow,718,34.5,42.05204518,0.112847222,9,3
Las Perlas,Saboga,00113 yellow,718,36,5.379762453,0,9,3
Las Perlas,Saboga,00159 yellow,718,37.5,0,0,9,3
Las Perlas,Saboga,00173 yellow,718,39,0,0,9,3
Las Perlas,Saboga,01854 blue,719,28.5,77.19227473,1.41,79,3
Las Perlas,Saboga,01864 blue,719,30,37.91136336,0.347985348,79,3
Las Perlas,Saboga,01860 blue,719,31.5,134.076983,0.211363636,79,3
Las Perlas,Saboga,01852 blue,719,33,21.32514189,0.459183673,79,3
Las Perlas,Saboga,01874 blue,719,34.5,10.74942799,1.071847507,79,3
Las Perlas,Saboga,NA,719,NA,NA,NA,79,3
Las Perlas,Saboga,01868 blue,719,37.5,0,0,79,3
Las Perlas,Saboga,01858 blue,719,39,1.377177955,0.136882129,79,3
Las Perlas,Saboga,02479 orange,720,28.5,157.3169934,0.208,120,1
Las Perlas,Saboga,02499 orange,720,30,36.83397346,1.129032258,120,1
Las Perlas,Saboga,02493 orange,720,31.5,78.90185921,2.238622386,120,1
Las Perlas,Saboga,02491 orange,720,33,5.912743972,0.680970149,120,1
Las Perlas,Saboga,02496 orange,720,34.5,0,0,120,1
Las Perlas,Saboga,02478 orange,720,36,0,0,120,1
Las Perlas,Saboga,02498 orange,720,37.5,0,0,120,1
Las Perlas,Saboga,02494 orange,720,39,0,0,120,1
Las Perlas,Saboga,00522 green,721,28.5,78.57990537,0.841514727,9,3
Las Perlas,Saboga,00502 green,721,30,66.47208083,1.549079755,9,3
Las Perlas,Saboga,00511 green,721,31.5,60.70354227,0.944134078,9,3
Las Perlas,Saboga,00503 green,721,33,37.10943162,0.734858681,9,3
Las Perlas,Saboga,00504 green,721,34.5,4.868204232,0.317497648,9,3
Las Perlas,Saboga,NA,721,NA,NA,NA,9,3
Las Perlas,Saboga,00524 green,721,37.5,35.20281015,0,9,3
Las Perlas,Saboga,00505 green,721,39,0,0,9,3
Las Perlas,Mogo mogo,01716 blue,722,28.5,96.92782453,0.733512786,9,3
Las Perlas,Mogo mogo,01704 blue,722,30,58.83508246,0.232383808,9,3
Las Perlas,Mogo mogo,01712 blue,722,31.5,86.31158358,0.315249267,9,3
Las Perlas,Mogo mogo,NA,722,34.5,NA,NA,9,3
Las Perlas,Mogo mogo,01722 blue,722,36,0,0,9,3
Las Perlas,Mogo mogo,01714 blue,722,37.5,0,0,9,3
Las Perlas,Mogo mogo,01702 blue,722,39,0.383667045,0,9,3
Las Perlas,Mogo mogo,NA,723,34.5,NA,NA,9,3
Las Perlas,Mogo mogo,02211 orange,723,37.5,0,0.00499002,9,3
Las Perlas,Mogo mogo,02214 orange,723,39,0,0,9,3
Las Perlas,Mogo mogo,00163 yellow,724,28.5,49.9149276,1.063257066,72,1
Las Perlas,Mogo mogo,00156 yellow,724,30,272.8831982,2.044107966,72,1
Las Perlas,Mogo mogo,00165 yellow,724,31.5,87.31,1.35,72,1
Las Perlas,Mogo mogo,00174 yellow,724,33,145.5969417,1.985294118,72,1
Las Perlas,Mogo mogo,NA,724,34.5,NA,NA,72,1
Las Perlas,Mogo mogo,00164 yellow,724,36,0,0,72,1
Las Perlas,Mogo mogo,00151 yellow,724,37.5,0,0,72,1
Las Perlas,Mogo mogo,00155 yellow,724,39,0,0,72,1
Las Perlas,Mogo mogo,00721 green,725,28.5,60.78512862,1.335904628,40,1
Las Perlas,Mogo mogo,00703 green,725,30,42.97469861,0.268630849,40,1
Las Perlas,Mogo mogo,00722 green,725,31.5,45.96569129,1.337209302,40,1
Las Perlas,Mogo mogo,00701 green,725,33,57.18375507,0.774398868,40,1
Las Perlas,Mogo mogo,NA,725,34.5,NA,NA,40,1
Las Perlas,Mogo mogo,00723 green,725,36,0,0,40,1
Las Perlas,Mogo mogo,00714 green,725,37.5,0,0,40,1
Las Perlas,Mogo mogo,00704 green,725,39,0,0,40,1
Las Perlas,Mogo mogo,01312 red,726,28.5,44.34275536,0.423861852,9,3
Las Perlas,Mogo mogo,01315 red,726,30,16.48675388,0.262368816,9,3
Las Perlas,Mogo mogo,01318 red,726,31.5,92.07733714,2.52242823,9,3
Las Perlas,Mogo mogo,01322 red,726,33,31.85954942,1.180738786,9,3
Las Perlas,Mogo mogo,NA,726,34.5,NA,NA,9,3
Las Perlas,Mogo mogo,01311 red,726,36,0,0,9,3
Las Perlas,Mogo mogo,01302 red,726,37.5,0,0,9,3
Las Perlas,Mogo mogo,01314 red,726,39,0,0,9,3
Las Perlas,Mogo mogo,00949 white,727,28.5,13.42545096,0.405660377,9,3
Las Perlas,Mogo mogo,00942 white,727,30,65.4472786,1.270588235,9,3
Las Perlas,Mogo mogo,NA,727,34.5,NA,NA,9,3
Las Perlas,Mogo mogo,NA,727,NA,NA,NA,9,3
Las Perlas,Mogo mogo,NA,727,NA,NA,NA,9,3
Las Perlas,Mogo mogo,02223 orange,728,28.5,6.37647223,0.119944853,9,1
Las Perlas,Mogo mogo,02225 orange,728,30,91.06669532,2.938547486,9,1
Las Perlas,Mogo mogo,02206 orange,728,31.5,104.4931953,2.043956044,9,1
Las Perlas,Mogo mogo,NA,728,34.5,NA,NA,9,1
Las Perlas,Mogo mogo,02202 orange,728,36,0.822980455,0.176526718,9,1
Las Perlas,Mogo mogo,02220 orange,728,37.5,0,0,9,1
Las Perlas,Mogo mogo,NA,728,NA,NA,NA,9,1
Las Perlas,Mogo mogo,00702 green,729,28.5,107.0791672,2.168120155,9,1
Las Perlas,Mogo mogo,00709 green,729,30,0,0,9,1
Las Perlas,Mogo mogo,00725 green,729,31.5,21.77832662,0.236389685,9,1
Las Perlas,Mogo mogo,00716 green,729,33,42.01209106,0.608882521,9,1
Las Perlas,Mogo mogo,NA,729,34.5,NA,NA,9,1
Las Perlas,Mogo mogo,00707 green,729,36,0,0,9,1
Las Perlas,Mogo mogo,NA,729,NA,NA,NA,9,1
Las Perlas,Mogo mogo,00710 green,729,39,0,0,9,1
Las Perlas,Mogo mogo,01317 red,730,28.5,74.24072185,0.05988024,9,1
Las Perlas,Mogo mogo,01325 red,730,30,88.50918407,2.186279978,9,1
Las Perlas,Mogo mogo,01319 red,730,31.5,32.66066612,0.53997195,9,1
Las Perlas,Mogo mogo,01305 red,730,33,70.62798294,1.435008666,9,1
Las Perlas,Mogo mogo,NA,730,34.5,NA,NA,9,1
Las Perlas,Mogo mogo,01308 red,730,37.5,0,0.049088359,9,1
Las Perlas,Mogo mogo,01320 red,730,39,0,0,9,1
Las Perlas,Mogo mogo,00154 yellow,731,28.5,94.61572905,1.541044776,9,3
Las Perlas,Mogo mogo,00165 yellow,731,30,87.31688707,1.349852071,9,3
Las Perlas,Mogo mogo,00175 yellow,731,31.5,220.0535035,2.147212544,9,3
Las Perlas,Mogo mogo,NA,731,34.5,NA,NA,9,3
Las Perlas,Mogo mogo,00167 yellow,731,36,0,0,9,3
Las Perlas,Mogo mogo,00152 yellow,731,37.5,0,0,9,3
Las Perlas,Mogo mogo,00172 yellow,731,39,10.26766091,0.055724417,9,3
Las Perlas,Mogo mogo,02216 orrange,732,28.5,77.02526202,0.476878613,9,3
Las Perlas,Mogo mogo,01708 blue,732,28.5,90.87314567,1.063029163,9,3
Las Perlas,Mogo mogo,01711 blue,732,30,61.64220427,0.573529412,9,3
Las Perlas,Mogo mogo,02219 orange,732,30,115.4773804,1.580333626,9,3
Las Perlas,Mogo mogo,02213 orange,732,31.5,80.32470112,0.997252747,9,3
Las Perlas,Mogo mogo,01709 blue,732,31.5,18.37242994,0.417159763,9,3
Las Perlas,Mogo mogo,01724 blue,732,33,99.9628859,1.819757366,9,3
Las Perlas,Mogo mogo,NA,732,34.5,NA,NA,9,3
Las Perlas,Mogo mogo,01719 blue,732,36,0,0,9,3
Las Perlas,Mogo mogo,01701 blue,732,37.5,0,0,9,3
Las Perlas,Mogo mogo,01715 blue,732,39,0,0,9,3
Coiba,C. Afuera,02100 blue,733,28.5,71.76339075,2.085889571,9,1
Coiba,C. Afuera,02083 blue,733,30,33.69076236,0.46875,9,1
Coiba,C. Afuera,02084 blue,733,31.5,55.94154537,NA,9,1
Coiba,C. Afuera,02092 blue,733,33,98.19943138,0.823643411,9,1
Coiba,C. Afuera,02088 Blue,733,34.5,5.592029197,0.137236962,9,1
Coiba,C. Afuera,02076 blue,733,36,0,0,9,1
Coiba,C. Afuera,02096 blue,733,37.5,34.60582011,0,9,1
Coiba,C. Afuera,02087 blue,733,39,0,0,9,1
Coiba,C. Afuera,02218 orange,734,28.5,102.9831064,1.369622476,9,1
Coiba,C. Afuera,02204 orange,734,30,27.09815663,1.590574374,9,1
Coiba,C. Afuera,02442 orange,734,31.5,168.0483642,1.633237822,9,1
Coiba,C. Afuera,02221 orange,734,33,83.50408591,1.418181818,9,1
Coiba,C. Afuera,02432 orange,734,34.5,3.470123878,0.0329188,9,1
Coiba,C. Afuera,02433 orange,734,36,19.04967403,0,9,1
Coiba,C. Afuera,02205 orange,734,37.5,0,0,9,1
Coiba,C. Afuera,02441 orange,734,39,0,0,9,1
Coiba,C. Afuera,01331 red,735,28.5,147.3245459,1.783061889,9,1
Coiba,C. Afuera,01349 Red,735,30,118.5121124,2.326775021,9,1
Coiba,C. Afuera,01327 red,735,31.5,130.5555242,2.018288222,9,1
Coiba,C. Afuera,01350 red,735,33,0,0,9,1
Coiba,C. Afuera,01333 red,735,34.5,0,0,9,1
Coiba,C. Afuera,01346 red,735,37.5,27.42464762,0.010626993,9,1
Coiba,C. Afuera,01328 red,735,39,20.80107304,0.035294118,9,1
Coiba,C. Afuera,00183 yellow,736,28.5,107.689168,1.052868391,9,1
Coiba,C. Afuera,00187 yellow,736,30,62.75083198,1.515939016,9,1
Coiba,C. Afuera,00192 yellow,736,31.5,67.21589416,1.491620112,9,1
Coiba,C. Afuera,00189 yellow,736,33,102.7508713,2.370883882,9,1
Coiba,C. Afuera,00193 yellow,736,34.5,0.997090771,0.028901734,9,1
Coiba,C. Afuera,00184 yellow,736,37.5,18.28309841,0.058448459,9,1
Coiba,C. Afuera,00198 yellow,736,39,23.98374789,0,9,1
Coiba,C. Afuera,00623 green,737,28.5,56.67203637,1.373647984,9,1
Coiba,C. Afuera,00617 green,737,30,0,0,9,1
Coiba,C. Afuera,00620 green,737,31.5,39.13863032,1.047207447,9,1
Coiba,C. Afuera,00543 green,737,33,5.374713996,0,9,1
Coiba,C. Afuera,00625 green,737,34.5,20.77369392,0.833150384,9,1
Coiba,C. Afuera,00601 green,737,36,8.820854146,0.0625,9,1
Coiba,C. Afuera,00622 green,737,37.5,37.48915933,0,9,1
Coiba,C. Afuera,00621 green,737,39,2.749681774,0.106269926,9,1
Coiba,C. Afuera,01087 white,738,28.5,132.2786493,1.96746708,9,3
Coiba,C. Afuera,01071 white,738,30,269.0182435,0,9,3
Coiba,C. Afuera,01073 white,738,31.5,339.3080314,5.049088359,9,3
Coiba,C. Afuera,01059 white,738,33,167.8753589,1.726266744,9,3
Coiba,C. Afuera,01094 white,738,34.5,41.99649224,0.045085663,9,3
Coiba,C. Afuera,01054 white,738,36,0.451089705,0,9,3
Coiba,C. Afuera,01054 white,738,36,0.451089705,0,9,3
Coiba,C. Afuera,01049 white,738,37.5,26.06556197,0.006329114,9,3
Coiba,C. Afuera,01092 white,738,39,0,0,9,3
Coiba,C. Afuera,02004 blue,739,28.5,100.035189,1.713174748,9,1
Coiba,C. Afuera,02025 blue,739,30,65.07360663,1.850299401,9,1
Coiba,C. Afuera,02012 blue,739,31.5,111.574236,2.115384615,9,1
Coiba,C. Afuera,02014 blue,739,34.5,0,0,9,1
Coiba,C. Afuera,02007 blue,739,36,1.01619345,0,9,1
Coiba,C. Afuera,01866 blue,739,37.5,25.27613176,0.092703349,9,1
Coiba,C. Afuera,02003 blue,739,39,0.197274363,0,9,1
Coiba,C. Afuera,02414 orange,740,28.5,80.30572779,1.433891993,9,3
Coiba,C. Afuera,02440 orange,740,30,110.995748,2.551136364,9,3
Coiba,C. Afuera,02446 orange,740,31.5,139.5685535,1.182170543,9,3
Coiba,C. Afuera,02434 orange,740,33,149.3208613,1.316501353,9,3
Coiba,C. Afuera,02428 orange,740,34.5,10.90081668,0.100321027,9,3
Coiba,C. Afuera,02439 orange,740,36,0,0,9,3
Coiba,C. Afuera,02483 orange,740,37.5,22.43859555,0,9,3
Coiba,C. Afuera,02427 orange,740,39,5.962804834,0,9,3
Coiba,C. Afuera,01343 red,741,28.5,124.8834427,1.862592344,9,3
Coiba,C. Afuera,01338 red,741,30,116.167838,1.065891473,9,3
Coiba,C. Afuera,01329 red,741,31.5,54.37945925,0.73313783,9,3
Coiba,C. Afuera,01337 red,741,33,60.47037163,0.533245556,9,3
Coiba,C. Afuera,01345 red,741,34.5,3.185802109,0,9,3
Coiba,C. Afuera,01340 red,741,36,5.149944022,0,9,3
Coiba,C. Afuera,01348 red,741,37.5,7.302176737,0,9,3
Coiba,C. Afuera,01332 red,741,39,3.932295668,0,9,3
Coiba,C. Afuera,00177 yellow,742,28.5,144.5231986,1.594144556,9,1
Coiba,C. Afuera,00185 yellow,742,30,88.15088882,1.926470588,9,1
Coiba,C. Afuera,00195 yellow,742,31.5,43.74369592,NA,9,1
Coiba,C. Afuera,00194 yellow,742,33,52.39948738,1.022346369,9,1
Coiba,C. Afuera,00199 yellow,742,34.5,42.84024438,0.214949651,9,1
Coiba,C. Afuera,00196 yellow,742,36,34.01064403,0.026799387,9,1
Coiba,C. Afuera,00179 yellow,742,37.5,14.90848839,0.060658579,9,1
Coiba,C. Afuera,00186 yellow,742,39,19.36714483,0.069860279,9,1
Coiba,C. Afuera,00538 green,743,28.5,131.3246507,0.679012346,9,1
Coiba,C. Afuera,00530 green,743,30,120.8533564,2.924961715,9,1
Coiba,C. Afuera,00533 green,743,31.5,37.06949211,1.020773639,9,1
Coiba,C. Afuera,00529 green,743,33,38.0357775,1.086529007,9,1
Coiba,C. Afuera,00531 green,743,36,0,0,9,1
Coiba,C. Afuera,00532 green,743,37.5,23.35892857,0,9,1
Coiba,C. Afuera,00550 green,743,39,17.43203625,0.715174129,9,1
Coiba,B. Damas,01707 blue,744,28.5,44.78864694,0.460122699,9,1
Coiba,B. Damas,01721 blue,744,30,144.162892,1.254448399,9,1
Coiba,B. Damas,01706 blue,744,31.5,30.23466202,0.344403444,9,1
Coiba,B. Damas,01725 blue,744,33,0,0,9,1
Coiba,B. Damas,01705 blue,744,36,12.49427394,0.017559263,9,1
Coiba,B. Damas,01703 blue,744,37.5,0,0.070126227,9,1
Coiba,B. Damas,01713 blue,744,39,43.78088916,0.160744501,9,1
Coiba,B. Damas,02243 orange,745,28.5,159.8439728,0.763358779,9,1
Coiba,B. Damas,02239 orange,745,30,48.56199906,0.445544554,9,1
Coiba,B. Damas,02226 orange,745,34.5,1.109160901,0.077160494,9,1
Coiba,B. Damas,02227 orange,745,36,31.08612578,0.019351717,9,1
Coiba,B. Damas,02248 orange,745,37.5,7.800755367,0.023191095,9,1
Coiba,B. Damas,01432 red,746,30,55.06839199,0.512882448,9,1
Coiba,B. Damas,01441 red,746,33,0,0,9,1
Coiba,B. Damas,01437 red,746,34.5,41.46555368,0.418956044,9,1
Coiba,B. Damas,01449 red,746,36,17.75701357,0.764705882,9,1
Coiba,B. Damas,01439 red,746,37.5,3.879236206,0.232383808,9,1
Coiba,B. Damas,01448 red,746,39,0,0,9,1
Coiba,B. Damas,00527 green,747,28.5,108.1381309,1.405775076,9,1
Coiba,B. Damas,00542 green,747,30,55.6563112,1.018437226,9,1
Coiba,B. Damas,00544 green,747,31.5,29.64787088,0.318181818,9,1
Coiba,B. Damas,00540 green,747,33,44.78864694,0,9,1
Coiba,B. Damas,00541 green,747,34.5,0,0,9,1
Coiba,B. Damas,00546 green,747,36,17.31922545,0,9,1
Coiba,B. Damas,00537 green,747,39,65.75057155,1.765996344,9,1
Coiba,B. Damas,00536 green,747,37.5,0,0,9,1
Coiba,B. Damas,00276 yellow,748,28.5,2.034159237,0,9,1
Coiba,B. Damas,00293 yellow,748,30,42.79074254,0.76481346,9,1
Coiba,B. Damas,00292 yellow,748,31.5,8.191184235,0.055865922,9,1
Coiba,B. Damas,00285 yellow,748,33,5.322287523,0.037974684,9,1
Coiba,B. Damas,00284 yellow,748,34.5,25.1000046,0.015690377,9,1
Coiba,B. Damas,00966 white,749,28.5,51.11264168,0.478806907,9,1
Coiba,B. Damas,00972 white,749,30,24.74804285,0.80474934,9,1
Coiba,B. Damas,00972 white,749,30,24.74804285,0.80474934,9,1
Coiba,B. Damas,00965 white,749,31.5,16.54157485,0.464333782,9,1
Coiba,B. Damas,00983 white,749,33,0,0,9,1
Coiba,B. Damas,00955 white,749,34.5,2.083192881,0.023006135,9,1
Coiba,B. Damas,00982 white,749,36,0,0,9,1
Coiba,B. Damas,00975 white,749,37.5,0,0,9,1
Coiba,B. Damas,00995 white,749,39,54.13875953,1.265261914,9,1
Coiba,B. Damas,01761 blue,750,28.5,42.65028378,0.89010989,9,1
Coiba,B. Damas,01761 blue,750,28.5,42.65028378,0.89010989,9,1
Coiba,B. Damas,01710 blue,750,31.5,80.85782967,0.979477612,9,1
Coiba,B. Damas,01763 blue,750,33,2.536716225,0.058823529,9,1
Coiba,B. Damas,01759 blue,750,33,0,0,9,1
Coiba,B. Damas,01756 blue,750,34.5,0,0,9,1
Coiba,B. Damas,02424 orange,751,31.5,87.68289439,0.751086282,9,1
Coiba,B. Damas,02409 orange,751,33,58.99218521,0.345368917,9,1
Coiba,B. Damas,02407 orange,751,37.5,15.20633992,0.050697085,9,1
Coiba,B. Damas,02419 orange,751,39,1.825576587,0.023518344,9,1
Coiba,B. Damas,01444 red,752,34.5,67.82579851,0.803571429,9,1
Coiba,B. Damas,01433 red,752,36,32.79294662,0.538358008,9,1
Coiba,B. Damas,01443 red,752,37.5,44.24590294,0.765895954,9,1
Coiba,B. Damas,00547 green,753,28.5,36.30520423,0,9,1
Coiba,B. Damas,00549 green,753,30,102.7542767,0.675113464,9,1
Coiba,B. Damas,00526 grenn,753,31.5,62.03175183,0.563714903,9,1
Coiba,B. Damas,00535 green,753,33,5.087047784,0,9,1
Coiba,B. Damas,00247 yellow,754,28.5,NA,NA,9,1
Coiba,B. Damas,00248 yellow,754,34.5,67.94303743,0.481770833,9,1
Coiba,B. Damas,00235 yellow,754,36,68.40147051,0.37037037,9,1
Coiba,B. Damas,00230 yellow,754,37.5,29.91694093,0.219966159,9,1
Coiba,Uvas,01460 red,755,28.5,134.9109782,2.617453348,9,1
Coiba,Uvas,01462 red,755,30,40.34623812,0.697852761,9,1
Coiba,Uvas,01462 red,755,30,40.34623812,0.697852761,9,1
Coiba,Uvas,01473 red,755,31.5,34.85488041,0.497915702,9,1
Coiba,Uvas,01467 red,755,33,59.0589488,0.697674419,9,1
Coiba,Uvas,01463 red,755,34.5,0,0,9,1
Coiba,Uvas,01471 red,755,36,16.78485885,0.041916168,9,1
Coiba,Uvas,01451 red,755,37.5,7.800238521,0,9,1
Coiba,Uvas,01464 red,755,39,17.43469155,0.074257426,9,1
Coiba,Uvas,00241 yellow,756,28.5,30.57310973,0.354477612,9,1
Coiba,Uvas,00228 yellow,756,30,85.11350492,1.140350877,9,1
Coiba,Uvas,00250 yellow,756,31.5,11.22677187,0.142764858,9,1
Coiba,Uvas,00234 yellow,756,33,77.94076876,0.676133447,9,1
Coiba,Uvas,00242 yellow,756,36,0,0,9,1
Coiba,Uvas,00239  yellow,756,37.5,50.09952186,0.09193707,9,1
Coiba,Uvas,00246 yellow,756,39,46.14228773,0,9,1
Coiba,Uvas,00589 green,757,28.5,179.4854778,1.658873539,9,3
Coiba,Uvas,00587 green,757,31.5,147.5674408,1.418156162,9,3
Coiba,Uvas,00507 green,757,33,149.4752524,0.84856176,9,3
Coiba,Uvas,00591 green,757,34.5,15.36085419,0.606860158,9,3
Coiba,Uvas,00585 green,757,36,28.87568304,0.115257958,9,3
Coiba,Uvas,00513 green,757,37.5,0,0,9,3
Coiba,Uvas,01816 blue,758,30,143.3679724,2.490765172,9,3
Coiba,Uvas,01801 blue,758,31.5,91.03664259,1.007539411,9,3
Coiba,Uvas,01804 blue,758,33,97.26610515,0.708582834,9,3
Coiba,Uvas,01813 blue,758,34.5,36.66242365,0.462274176,9,3
Coiba,Uvas,01825 blue,758,36,0,0,9,3
Coiba,Uvas,01815 blue,758,39,0,0,9,3
Coiba,Uvas,02245 orange,759,28.5,71.0690399,1.435949221,9,1
Coiba,Uvas,02242 orange,759,30,131.2075988,2.975683891,9,1
Coiba,Uvas,02231 orange,759,31.5,63.39789243,0.542521994,9,1
Coiba,Uvas,02231 orange,759,31.5,79.6443431,1.093415008,9,1
Coiba,Uvas,02250 orange,759,33,49.71313956,0.914913083,9,1
Coiba,Uvas,02237 orange,759,34.5,4.987671581,0.013345196,9,1
Coiba,Uvas,02230 orange,759,36,4.838617203,0,9,1
Coiba,Uvas,02229 orange,759,37.5,10.44731043,0.127860027,9,1
Coiba,Uvas,02241 orange,759,39,13.58241758,0,9,1
Coiba,Uvas,00945 white,760,28.5,36.89655004,1.246290801,9,1
Coiba,Uvas,00933 white,760,30,53.53951273,1.343283582,9,1
Coiba,Uvas,00947 white,760,31.5,79.13040164,1.589113257,9,1
Coiba,Uvas,00947 white,760,31.5,79.13040164,1.589113257,9,1
Coiba,Uvas,00938 white,760,33,15.90529427,1.021953897,9,1
Coiba,Uvas,00950 white,760,34.5,10.71872578,0,9,1
Coiba,Uvas,00939 white,760,36,26.91603918,0.084803256,9,1
Coiba,Uvas,00930 white,760,37.5,50.82728592,0.226415094,9,1
Coiba,Uvas,00941 white,760,39,24.01232517,0.068181818,9,1
Coiba,Uvas,01814 blue,761,28.5,112.6558526,1.408507223,9,1
Coiba,Uvas,01814 blue,761,28.5,112.6558526,1.408507223,9,1
Coiba,Uvas,01817 blue,761,30,67.08205128,1.695473251,9,1
Coiba,Uvas,01824 blue,761,33,168.6253284,2.228409091,9,1
Coiba,Uvas,01822 blue,761,34.5,0,0,9,1
Coiba,Uvas,01808 blue,761,36,0.378614362,0.052677788,9,1
Coiba,Uvas,01812 blue,761,37.5,4.260346679,0,9,1
Coiba,Uvas,01455 red,762,28.5,153.6117333,2.075542259,32,1
Coiba,Uvas,01469 red,762,30,102.1524489,1.352576336,32,1
Coiba,Uvas,01475 red,762,33,60.55735329,0.85106383,32,1
Coiba,Uvas,01453 red,762,34.5,21.65522868,0.599352052,32,1
Coiba,Uvas,01459 red,762,36,5.095518288,0.074626866,32,1
Coiba,Uvas,01461 red,762,37.5,24.92179876,0.062179956,32,1
Coiba,Uvas,01458 red,762,39,0,0,32,1
Coiba,Uvas,02235 orange,763,28.5,0,2.162070429,9,1
Coiba,Uvas,02235 orange,763,28.5,454.9913043,8.206119163,9,1
Coiba,Uvas,02238 orange,763,30,60.87239154,1.394450867,9,1
Coiba,Uvas,02244 orange,763,31.5,55.63018681,0.9,9,1
Coiba,Uvas,02234 orange,763,33,60.95691227,1.220368745,9,1
Coiba,Uvas,02233 orange coiba,763,34.5,0,0,9,1
Coiba,Uvas,02240 orange,763,36,7.707990034,0.018814675,9,1
Coiba,Uvas,02228 orange,763,37.5,0.284460263,0.112137203,9,1
Coiba,Uvas,02247 orange,763,39,0,0,9,1
Coiba,Uvas,00521 green,764,30,5.020961295,1.219898606,9,1
Coiba,Uvas,00523 green,764,31.5,48.80307964,1.213168724,9,1
Coiba,Uvas,00516 green,764,33,66.84247253,1.375935829,9,1
Coiba,Uvas,00599 green,764,34.5,28.42762834,0.26119403,9,1
Coiba,Uvas,00515 green,764,36,0,0,9,1
Coiba,Uvas,00509 green,764,37.5,2.844602627,0.098944591,9,1
Coiba,Uvas,00520 green,764,39,0,0,9,1
Coiba,Uvas,00520 green,764,39,0,0,9,1
Coiba,Uvas,00243 yellow,765,28.5,55.65980172,1.238005644,32,1
Coiba,Uvas,00240 yellow,765,30,145.1658112,3.245614035,32,1
Coiba,Uvas,00227 yellow,765,31.5,79.26114341,1.058227848,32,1
Coiba,Uvas,00232 yellow,765,33,94.45496516,0.851784081,32,1
Coiba,Uvas,00244 yellow,765,34.5,5.141030778,0.224403927,32,1
Coiba,Uvas,00229 yellow,765,36,3.178031472,0.016198704,32,1
Coiba,Uvas,00237 yellow,765,37.5,8.936465766,0,32,1
Coiba,Uvas,00245 yellow,765,39,0,0,32,1
Coiba,Uvas,NA,NA,NA,NA,NA,NA,NA
Coiba,Uvas,NA,NA,NA,NA,NA,NA,NA
Coiba,Uvas,NA,NA,NA,NA,NA,NA,NA
Coiba,C. Afuera,NA,NA,NA,NA,NA,NA,NA
Coiba,C. Afuera,NA,NA,NA,NA,NA,NA,NA
Coiba,C. Afuera,NA,NA,NA,NA,NA,NA,NA
Coiba,B. Damas,NA,NA,NA,NA,NA,NA,NA
Coiba,B. Damas,NA,NA,NA,NA,NA,NA,NA
Coiba,B. Damas,NA,NA,NA,NA,NA,NA,NA
Coiba,B. Damas,NA,NA,NA,NA,NA,NA,NA
Coiba,B. Damas,NA,NA,NA,NA,NA,NA,NA
Coiba,B. Damas,00534 green,NA,31.5,85.01469985,0.559701493,NA,NA
Coiba,B. Damas,NA,NA,NA,NA,NA,NA,NA
Coiba,B. Damas,NA,NA,NA,NA,NA,NA,NA
Coiba,B. Damas,NA,NA,NA,NA,NA,NA,NA
Coiba,B. Damas,02404 orange,NA,33,146.379427,1.231671554,NA,NA
Coiba,B. Damas,NA,NA,NA,NA,NA,NA,NA
Coiba,B. Damas,NA,NA,NA,NA,NA,NA,NA
Coiba,B. Damas,NA,NA,NA,NA,NA,NA,NA
Coiba,B. Damas,NA,NA,NA,NA,NA,NA,NA
Coiba,B. Damas,NA,NA,NA,NA,NA,NA,NA
Coiba,B. Damas,NA,NA,NA,NA,NA,NA,NA
Coiba,B. Damas,NA,NA,NA,NA,NA,NA,NA
Coiba,B. Damas,NA,NA,NA,NA,NA,NA,NA
Coiba,B. Damas,NA,NA,NA,NA,NA,NA,NA
Coiba,B. Damas,NA,NA,NA,NA,NA,NA,NA
Coiba,B. Damas,00539 green,NA,39,0,0,NA,NA
Coiba,B. Damas,NA,NA,NA,NA,NA,NA,NA
Coiba,B. Damas,NA,NA,NA,NA,NA,NA,NA
Coiba,B. Damas,NA,NA,NA,NA,NA,NA,NA
Coiba,B. Damas,NA,NA,NA,NA,NA,NA,NA
Coiba,B. Damas,NA,NA,NA,NA,NA,NA,NA
Coiba,B. Damas,NA,NA,NA,NA,NA,NA,NA
Las Perlas,Mogo mogo,NA,NA,NA,NA,NA,NA,NA
Las Perlas,Mogo mogo,NA,NA,NA,NA,NA,NA,NA
Las Perlas,Mogo mogo,NA,NA,NA,NA,NA,NA,NA
Las Perlas,Mogo mogo,NA,NA,NA,NA,NA,NA,NA
Las Perlas,Mogo mogo,NA,NA,NA,NA,NA,NA,NA
Las Perlas,Mogo mogo,NA,NA,NA,NA,NA,NA,NA
Las Perlas,Mogo mogo,NA,NA,NA,NA,NA,NA,NA
Las Perlas,Mogo mogo,NA,NA,NA,NA,NA,NA,NA
Las Perlas,Mogo mogo,NA,NA,NA,NA,NA,NA,NA
